start_date,account_type,new_users,active_users,active_users_new,active_users_prior,retained_users,churned_users,video_plays,total_seconds,unisverse_account_type_a,unisverse_account_type_b,freq_user_percent,avg_active_days,avg_video_plays_per_active_day,avg_seconds_per_active_day,avg_percent_completion,avg_daily_completion_rate,avg_activities_per_active_day
2018-05-21T00:00:00Z,account_type_b,26148.21138775307,89134.51302451461,10076.726106697019,78782.868043663,42477.172220661334,32164.16254889788,1462408.5089343116,64949363.72347737,NA,11752346.429086426,0.5226945994589415,0.6472725957813882,9.082125743390636,952.2329128191807,0.7297333054081455,0.5749544730251747,7.635931835991274
2018-05-21T00:00:00Z,account_type_a,7058.274482955004,319345.65978246706,5028.488059263827,327249.47996226634,320838.3398150724,76263.64762219685,3514215.4166768575,268765631.45531976,1875932.336532015,NA,1.2810320086868867,0.957660083306192,4.779686849668336,854.8728348460502,1.1096932476933283,1.0607750039364052,4.3580408311044145
2018-05-28T00:00:00Z,account_type_b,36380.4922512279,94394.17733424479,23833.29822337852,81220.61223926723,36337.96747456692,36119.24735029808,1599448.0805580735,65804598.46020693,NA,11752346.429086426,0.4854893554869982,0.623734569686316,9.905636989763702,949.0743878980812,0.6567795461540096,0.536153814886652,8.139329335646144
2018-05-28T00:00:00Z,account_type_a,5313.348916409421,216087.35007144738,3796.2298688396577,290992.2220178748,212703.75816616858,96638.99371620378,2243186.7482858473,164889507.3263068,1875932.336532015,NA,1.2955749161993335,0.8706295035204827,4.97256020284285,851.294421887444,1.1135937257105277,1.1425624343138612,4.509029516489663
2018-06-04T00:00:00Z,account_type_b,38506.60976053199,89284.61410266068,25145.96707992081,86013.29176276243,33049.628590376204,40407.8795668676,1543253.6630284442,59181896.681166634,NA,11752346.429086426,0.48135825940090005,0.629006347632953,10.118722091564953,899.0864208861831,0.6368885472537908,0.514787422383514,8.307739792422
2018-06-04T00:00:00Z,account_type_a,5724.880626040545,187198.508555065,4136.211808040831,196901.80912456266,159787.02139033147,59093.483720832686,2058965.2394082062,148054468.42512795,1875932.336532015,NA,1.2257957729759934,0.9349081995364954,4.903777585423181,818.0850079686546,1.1064697375584591,1.1106320607207107,4.454319041420919
2018-06-11T00:00:00Z,account_type_b,33526.22033698102,85678.10384407653,22155.25458570302,81357.38643650152,30185.638537803894,38647.4904312517,1467422.3690086668,56348501.589929,NA,11752346.429086426,0.4397691082447553,0.6207749750496074,10.158675548152686,905.4114746940228,0.6396493322356389,0.5061422387948672,8.359699461481702
2018-06-11T00:00:00Z,account_type_a,5303.235660785215,140308.76971462264,3764.4888164246104,170577.89355890048,126167.21962757454,56060.86598951017,1534877.043515232,110085416.71600714,1875932.336532015,NA,1.1373489270596155,0.9176130683782301,4.951721733328463,821.4618810724302,1.0952772318994566,1.0730644856740703,4.495122663888391
2018-06-18T00:00:00Z,account_type_b,42984.44817383399,96890.75649116388,28167.00991311298,78071.0839560152,29291.735328930765,36957.1694158363,1659644.6805342664,62752807.99935201,NA,11752346.429086426,0.401366273783527,0.6214686300425861,10.181707540773852,886.4987442025002,0.628932244086231,0.4877911522576538,8.294291407488899
2018-06-18T00:00:00Z,account_type_a,4810.797906160447,107529.55331567921,3455.54257291815,127851.30912899901,92198.8976903956,42958.12751201643,1247302.3344476763,86132662.03329745,1875932.336532015,NA,1.0651967971521905,0.8886182896717265,5.337311759455577,849.9984197709156,1.0773213746566919,1.0511618460223044,4.809784306811699
2018-06-25T00:00:00Z,account_type_b,40922.89991197675,92438.77893526726,27559.697776905075,88288.20953308775,30497.702627035298,42837.100758942834,1562192.3394656088,58325329.90384577,NA,11752346.429086426,0.4278063884215342,0.6214223863763875,10.064510734783164,866.1108828434124,0.6276627954340022,0.4808479183489233,8.209933356544916
2018-06-25T00:00:00Z,account_type_a,4211.004053371039,72921.5543932012,2944.1589506757214,97982.42967583601,62023.46685644508,36351.45657509478,861365.1306709675,57907258.56973007,1875932.336532015,NA,1.059996739242391,0.8561552360003302,5.6357875821992405,872.5031699626334,1.0498039183555423,1.0072005034180282,5.073097570899538
2018-07-02T00:00:00Z,account_type_b,32178.82351074074,81926.59798619484,21617.77276480822,84231.50545185323,28406.581580503374,41142.72621591253,1409133.3513200884,53413916.841726534,NA,11752346.429086426,0.43711047866620195,0.6195726397284447,10.1267127828825,886.2296508776627,0.636267870028286,0.4903004042305056,8.310184953318927
2018-07-02T00:00:00Z,account_type_a,3111.7709612939507,37473.19365225919,2152.0433537402073,66447.13806453289,27716.832448697518,30348.182177420425,437265.59440646664,28362517.40831731,1875932.336532015,NA,0.9580079659175051,0.7947898909548274,5.923765830074753,867.0910484757621,1.0041417192937077,0.9292239099679424,5.292550761398747
2018-07-09T00:00:00Z,account_type_b,28052.615216064965,71787.11699306332,18052.194543517904,74652.659461874,24371.622071609494,36783.446803768944,1223828.91991129,46576664.131607875,NA,11752346.429086426,0.4505369776541431,0.621699848373579,9.954364538778547,875.4220561524529,0.638818293042416,0.4923066909491426,8.1827309415666
2018-07-09T00:00:00Z,account_type_a,3646.99556663651,40347.57824396768,2519.5342050344216,34146.09703606094,21880.942331388764,12562.461153964256,537441.2719062748,34941689.94875153,1875932.336532015,NA,0.7419661110300397,0.9162720020584716,5.807822465859367,847.7808410505266,1.005496211747023,0.932196469353569,5.216903596150065
2018-07-16T00:00:00Z,account_type_b,28054.171101545613,68203.0708414126,17787.68577339251,65413.422873190786,21933.439094063207,32001.44236892812,1117859.2506452731,42289575.41476799,NA,11752346.429086426,0.4337150919353827,0.6184627917396789,9.66027576224844,846.4225680813142,0.5920243457264389,0.44888861537223756,7.755439074828587
2018-07-16T00:00:00Z,account_type_a,3570.7571780848084,45411.192165915236,2407.3824865012543,36765.27639126167,30000.441625035724,10968.266650559463,585209.1984903361,37896908.23670292,1875932.336532015,NA,0.6518962713416403,0.9041099178482476,5.6878054158742515,834.7367782460161,1.0166843518035444,0.9550682319792584,5.123376191842602
2018-07-23T00:00:00Z,account_type_b,25837.812234363995,65211.260236188486,16278.927748597262,62147.59000045382,21094.949134679766,30301.856147535796,1057577.1567850416,40411054.77635174,NA,11752346.429086426,0.41298868243271675,0.6163355830945447,9.570184634648646,848.020159623181,0.6118622387315232,0.46631588000610974,7.834142691198428
2018-07-23T00:00:00Z,account_type_a,3773.022290568915,46027.93401081468,2464.51638084834,41379.312065308004,28855.720550051374,14294.47559627582,568557.4834512075,37281534.74221771,1875932.336532015,NA,0.5540257941859879,0.9046185981764319,5.539115885279115,817.6937741281413,1.0115304412112773,0.953795879597911,5.013802419149056
2018-07-30T00:00:00Z,account_type_b,24569.76556763671,65770.82071798466,15819.035166939242,59421.41042292695,20467.904469401714,28854.16771364114,1077648.6271857196,39892813.989770345,NA,11752346.429086426,0.3818256425239069,0.6106938558183191,9.846881906546447,838.3196734253811,0.6691165816152894,0.5639547836314548,8.084007570353167
2018-07-30T00:00:00Z,account_type_a,5323.462172033626,54580.632177830754,3424.506877223437,41941.29584169921,31622.00829431292,13545.731138265504,604600.2800638725,39935503.19584168,1875932.336532015,NA,0.4798787631681976,0.86327676059491,5.2069538148242245,772.1640159780658,1.0056169623877602,0.9461776878327296,4.745140365599188
2018-08-06T00:00:00Z,account_type_b,28265.7715269136,80110.06861189666,18420.390751532454,59931.2897432289,23215.235049364153,28080.52301456784,1414359.1649819564,47301195.65767026,NA,11752346.429086426,0.3328973768434594,0.6177691367467004,10.485823851506371,807.1195750410117,0.7750116250536355,0.7475082452255246,8.539265964849786
2018-08-06T00:00:00Z,account_type_a,9820.749153843708,98215.11770446615,6408.165804237884,49734.63377390571,42461.13154317748,14091.79921553057,1054164.5259138285,70312601.10433702,1875932.336532015,NA,0.3353628796172521,0.902445145865099,4.822617230472411,720.4846509469927,1.0240392176031927,0.9770948133073795,4.415807757294317
2018-08-13T00:00:00Z,account_type_b,32160.930827713302,77572.64562418952,21438.612157843283,72997.41254432441,24906.79740220727,35540.751052113774,1289905.0055377304,47793899.763181694,NA,11752346.429086426,0.3769978761576357,0.6235033513553231,9.972382764298505,845.4753787874039,0.6077486074079247,0.4534536278970119,8.222617628697723
2018-08-13T00:00:00Z,account_type_a,16097.191182773606,189713.4674358387,11283.59145518915,89494.98595358343,87157.7502302416,21088.187878856657,2032009.7302198254,138169605.39772096,1875932.336532015,NA,0.2533451808674528,0.9668625728797076,4.437497245011033,681.38143688908,1.0456876181567079,0.9775278257452227,4.087850551993967
2018-08-20T00:00:00Z,account_type_b,44233.82421479351,94105.20723141938,30316.937196692183,70685.27730536391,26321.293507601946,33540.04563647136,1601220.2975292932,58540991.89537109,NA,11752346.429086426,0.3691447807454116,0.6314572619414772,10.082215599859296,840.2449473205747,0.6240674807770957,0.4742548683159969,8.255321655694125
2018-08-20T00:00:00Z,account_type_a,17533.273481410764,266510.0802750554,12355.733670097414,172869.55919011164,188835.23007018914,32601.364455934065,3054619.888433023,216004032.60036266,1875932.336532015,NA,0.37663353883783257,1.0708645781602921,4.249637658937726,683.7986345125457,1.0621866787397958,0.9732102347467803,3.9131743704197364
2018-08-27T00:00:00Z,account_type_b,59537.513802437155,119925.65595985008,42200.7872208859,85749.97817216853,33892.49327998252,39909.295670234285,2006486.2435890937,71947247.4394905,NA,11752346.429086426,0.3745427201518309,0.6356654355655471,9.920521610845407,810.3403708147953,0.6513924945362207,0.513301211337522,8.175089813763703
2018-08-27T00:00:00Z,account_type_a,16898.4722053068,320511.7511514657,11797.796504312917,242847.70459140715,268935.0822075336,44345.592107061064,3640192.4359305236,257577939.5637772,1875932.336532015,NA,0.6945433909700641,1.0817780833831547,4.1637768973295755,669.5446922617998,1.0614972433716594,1.0221708784560384,3.839972366067981
2018-09-03T00:00:00Z,account_type_b,65578.23918104904,137543.64237027217,47072.68608823549,109277.93140661287,42822.77590826808,51006.11705372359,2354277.1449812674,84463247.89877973,NA,11752346.429086426,0.3725528777669379,0.6358966538965399,10.19502535963643,835.9309699195958,0.6443981097935998,0.50642535637397,8.327912369821648
2018-09-03T00:00:00Z,account_type_a,18879.114422170398,394874.0716757151,13603.509708368942,292054.7807474092,316924.4145090113,55913.78084462647,3835729.4165852084,274567845.50792193,1875932.336532015,NA,0.7997452010832768,0.9501223657158251,4.0765060137242095,671.7195298056677,1.0653297765717848,1.0085940728812284,3.7701324579495004
2018-09-10T00:00:00Z,account_type_b,62882.66758582815,139517.42049310432,43630.54529300369,125331.68650239738,50523.75934392713,57939.38650133187,2414174.516363325,89261824.80336536,NA,11752346.429086426,0.4046102096326355,0.6565213290211023,9.87461430582499,835.2853700510238,0.664755218835592,0.5314076854566778,8.039689029096364
2018-09-10T00:00:00Z,account_type_a,15734.669865782862,420874.23325961316,11361.886051146266,359814.76501804806,408092.33411021717,61882.31071988735,4693238.416861512,330208822.5732802,1875932.336532015,NA,0.961736806355877,1.082702956707126,4.11912303408446,663.3766762598289,1.076629209865022,1.050944191996568,3.798098985708104
2018-09-17T00:00:00Z,account_type_b,64280.630690189464,142158.99524932096,42575.331639383454,127130.22067419242,53675.023347801245,57807.35731616068,2384223.15898842,91057085.20516881,NA,11752346.429086426,0.4684606987293642,0.6569375220168895,9.4880841983664,831.0535133375179,0.6526684000621131,0.525535133247086,7.775764474784293
2018-09-17T00:00:00Z,account_type_a,13378.281305343016,416928.7192054883,9570.985338217264,383506.47511448717,428953.96429967723,68343.05466267241,4551865.373990537,329684056.3277328,1875932.336532015,NA,1.2427333124855822,1.0709570654926892,4.082773222600717,679.7947307404844,1.0752789522053108,1.0510483244728432,3.7621856850344875
2018-09-24T00:00:00Z,account_type_b,72970.25109960281,152021.75928886348,46946.42723529563,129537.26045817262,55564.90680408114,58554.943623423875,2540140.848881486,95768552.81480874,NA,11752346.429086426,0.5123174229319116,0.6524056427294296,9.444997137340412,813.1459208511437,0.6514860593290395,0.5239194334599372,7.713412871912652
2018-09-24T00:00:00Z,account_type_a,12368.51162840313,413081.23034525465,8790.1554488071,379911.2676443289,422265.0017889088,68761.72615775475,4653959.320513464,330656605.3422728,1875932.336532015,NA,1.3223784431233447,1.0774311787604889,4.1875922910603025,684.0289886436827,1.081532925543827,1.06405970600312,3.8599921209115715
2018-10-01T00:00:00Z,account_type_b,65674.70408084914,144456.46073114834,40960.06474981771,138524.34869685248,56999.818317182544,63578.42248903833,2433720.5556016816,91067374.25627953,NA,11752346.429086426,0.5347022480424297,0.6560126486929181,9.474923059725734,814.3612429940147,0.6542340689980003,0.5102448913824241,7.822222531825909
2018-10-01T00:00:00Z,account_type_a,10526.343219317112,384095.3847307507,7499.352650595177,376405.382098895,398357.10112092353,76073.71089966987,4168770.8418581155,289897910.3005961,1875932.336532015,NA,1.3673193442367377,1.0625407182445492,4.1047084536684935,654.7424783646717,1.0802379304806804,1.06383849996588,3.7825110849901935
2018-10-08T00:00:00Z,account_type_b,59259.78824414167,131113.8023084646,35116.88967856767,131630.74306890144,52969.23353851153,60888.61737886206,2276315.6283508586,83954124.27557497,NA,11752346.429086426,0.5572895951707821,0.6490760987631324,9.792043828877006,832.5798695851831,0.6597981838062854,0.5217367733485127,8.099442648515021
2018-10-08T00:00:00Z,account_type_a,9670.606204961276,371342.91966295417,6825.7369826758395,349993.0750452243,365303.09780032444,72761.3997629189,3790118.4294505413,264032721.07202256,1875932.336532015,NA,1.3280850177345132,0.9811056220688671,4.21078096390338,676.6648600163783,1.0797384572158122,1.0752759524206383,3.8816929238718
2018-10-15T00:00:00Z,account_type_b,53403.435294986455,124575.7260950687,31287.508043872298,119472.72650250432,50095.035782085855,54463.197033864024,2148961.801339652,80843713.24918364,NA,11752346.429086426,0.5698391219148201,0.6544866077083652,9.679390749321788,842.3567136151945,0.6529730816981241,0.5035817204143205,8.049469672684072
2018-10-15T00:00:00Z,account_type_a,9374.210020898026,381563.06722189207,6629.64781442288,338372.8509006055,359373.8801049278,67883.84789144104,3990685.3002828383,282000226.23546934,1875932.336532015,NA,1.2851189786643586,1.0159271027163905,4.1482655553602195,674.2252512891188,1.0838498322933385,1.0350016099037473,3.824537287906129
2018-10-22T00:00:00Z,account_type_b,37380.926615283905,121792.21902686362,25901.404127398935,113515.14021072802,49838.38494234414,50857.29468271922,2169633.5100511853,83018308.01276274,NA,11752346.429086426,0.537529226067828,0.6561976233577124,10.097256901162915,896.9741743536246,0.6634269856226719,0.5021202181042536,8.429080901932007
2018-10-22T00:00:00Z,account_type_a,8518.47300654219,379144.09134347027,6075.9427889603885,347685.5919898432,370882.33707789145,69109.75045726303,3961298.558767106,275505469.65010315,1875932.336532015,NA,1.2707207140241277,1.0148172547276249,4.18743561083839,670.1736438818393,1.0888728138674022,1.0771361436199836,3.853726396113196
2018-10-29T00:00:00Z,account_type_b,37916.15122062647,122299.70362440504,26509.421620327175,110978.76972324056,50863.53005790337,48871.64522678931,2180099.3863555943,78616709.23304503,NA,11752346.429086426,0.524241453505968,0.6458852857954311,10.312065485405205,856.4352089390983,0.6419006529221192,0.5067979596799889,8.645171996197941
2018-10-29T00:00:00Z,account_type_a,7923.346810194722,376798.6343604669,5733.844779598212,345481.3874099247,367512.33656287385,69076.16408559667,3846594.2643484646,267063538.43827263,1875932.336532015,NA,1.2708794166479325,0.9946550162650483,4.17051414687182,665.0230919921034,1.081865556104047,1.070390585608156,3.8356933344983584
2018-11-05T00:00:00Z,account_type_b,54810.733712231646,141377.85698549965,37587.04891317868,111441.19677103266,51562.02865015497,48882.068583513355,2513883.5397460884,68930212.45854925,NA,11752346.429086426,0.5238034262623368,0.640937213512184,10.289346853227865,678.3986790534484,0.5086168214737612,0.4736775054704951,8.61934498422415
2018-11-05T00:00:00Z,account_type_a,8800.866221279615,391436.0422191316,6384.183675746514,343344.1742735495,372875.7558161126,65616.18872858844,4053010.341747079,289661766.45255685,1875932.336532015,NA,1.264269483623035,0.9893832383184111,4.2508911007130274,701.5014855578329,1.0845441892496301,1.044100589476411,3.925400174904372
2018-11-12T00:00:00Z,account_type_b,53009.01832564245,142107.9404608359,36242.639004221346,128825.47637052482,55381.168134720596,58184.9144597204,2558422.291085103,68299530.50681768,NA,11752346.429086426,0.5339583833035929,0.6429256911587227,10.358756191535184,666.7629940430604,0.4906285382646316,0.48400672268165346,8.652813124000838
2018-11-12T00:00:00Z,account_type_a,8523.140662984131,389716.51694295503,6257.219466086325,356681.98459568183,385020.0069148001,69094.69449755052,4136913.6833181805,305395956.961318,1875932.336532015,NA,1.2682525664500504,0.9779148091011658,4.37717535957465,743.3619056996247,1.086185392808655,1.0753663623517016,4.0233594333375144
2018-11-19T00:00:00Z,account_type_b,50188.97589196981,137822.40151540056,33594.02451936573,129490.73862237865,53444.62088939675,59367.965447899114,2449104.111360902,59859206.98328462,NA,11752346.429086426,0.5097537279191104,0.6350642679049656,10.211476782937263,610.4075522054271,0.47980077658572035,0.4709503165080479,8.527498628033324
2018-11-19T00:00:00Z,account_type_a,4673.10204112319,201053.7570541387,3346.2122812663206,355115.1291661408,208327.56969989082,138284.93643173808,1608065.1516201447,108245603.79123586,1875932.336532015,NA,1.3517342697254109,0.7364766278784304,4.4097648457324885,692.570180458096,1.0812292463537463,1.0467560088522085,4.026110239346558
2018-11-26T00:00:00Z,account_type_b,65113.029422335596,127668.62518149322,34433.39901656365,125585.69572583248,44722.867068401334,60401.03591432634,2198380.8285592115,54629272.987124994,NA,11752346.429086426,0.565626586908477,0.638578786536057,10.014686424214931,622.062926971291,0.4852292615663621,0.4734927834665217,8.356337365248425
2018-11-26T00:00:00Z,account_type_a,7738.9743807380555,395505.1088613903,5588.541295209329,183202.98935666913,211047.19365510842,30212.099464634328,4314543.2575119175,328288882.40216553,1875932.336532015,NA,1.1657660326737218,1.049361273377957,4.184302006400136,737.4668249259988,1.087540457355736,1.0837441955701062,3.8503642998799212
2018-12-03T00:00:00Z,account_type_b,88760.93284268897,142312.15961477612,42239.58184050429,116333.43302312696,49692.560601581805,52669.22152658177,2397838.060021589,91350227.30109948,NA,11752346.429086426,0.5528925017787419,0.6456540674644383,9.78985030577023,856.4121575180533,0.5905636614222523,0.44744543808944254,8.239886577532271
2018-12-03T00:00:00Z,account_type_a,6862.232912393484,378850.0157617963,4960.773814111727,360389.77490846155,390239.0600706842,69329.79909921502,4134865.392346419,298892228.7360849,1875932.336532015,NA,1.1856114878758803,1.0366905088395486,4.2607619546935265,707.2723447847163,1.093750583887316,1.1095558906558423,3.9255529974604304
2018-12-10T00:00:00Z,account_type_b,87632.91586921991,146223.9775085009,41283.8234844512,129676.82596555454,55350.54502316051,58726.929009370564,2366273.005585453,95772894.65116385,NA,11752346.429086426,0.5303977969788951,0.641492137506567,9.480720227936503,878.5128675242328,0.611900679384638,0.44286091415073375,8.010041453221122
2018-12-10T00:00:00Z,account_type_a,5971.488474723091,361235.09263868333,4344.292040539474,345213.4216357514,365766.81920394866,69602.54360016076,3870584.204434252,281892160.7851633,1875932.336532015,NA,1.2143845090551932,1.018886697353099,4.2706328086740255,715.7795997848135,1.0927337017276384,1.1094365595557956,3.9359449312723704
2018-12-17T00:00:00Z,account_type_b,105749.6464058733,152382.20609556796,47477.56084570743,133241.32902408883,53670.64861757837,61612.461595809385,2123393.7866443167,84316547.8815664,NA,11752346.429086426,0.5258051805989197,0.6179541114114947,8.434253025781688,767.8626848427991,0.605864542100359,0.43399791383961706,7.153012558848168
2018-12-17T00:00:00Z,account_type_a,5333.575427657831,304152.775825085,3886.515529042459,329162.4578501145,308551.1808624379,82333.51568783035,3147731.63376413,221431169.4313217,1875932.336532015,NA,1.3433120402404033,0.9174280937134358,4.605301762679518,740.7582156767327,1.0961294779211181,1.0880265259448234,4.217902547199278
2018-12-24T00:00:00Z,account_type_b,149581.27422391955,131366.01296358075,48171.63185851646,138852.79285755794,36734.60968144048,71830.24656223787,1439570.9551604635,55521794.080891706,NA,11752346.429086426,0.47101694255468823,0.5942773543178267,6.965689305794101,623.1673141503832,0.5888970438768442,0.4125908778236628,5.912246226213713
2018-12-24T00:00:00Z,account_type_a,1873.2861186989583,8588.436518955614,1300.677792296605,277148.2541223041,5048.43867719213,170483.84350304943,140361.36524318374,7194054.0268628765,1875932.336532015,NA,0.911152726388171,0.6174454310833104,9.288316915427728,1136.7920343846808,0.821343830872965,0.6267012593446081,7.828182611512168
2018-12-31T00:00:00Z,account_type_b,104083.29305610039,136846.23395956634,44747.124981293025,119702.54437132654,39337.57416404821,58878.067681869165,1749368.7307103388,70863451.4765385,NA,11752346.429086426,0.4470997283501829,0.6018150719081936,8.042865831443804,748.7367287066106,0.5961537835685692,0.4198232348585431,6.8073279370450965
2018-12-31T00:00:00Z,account_type_a,3374.7156075232892,125979.73277840766,2328.3825338238034,7825.903217262286,3795.8075900436493,3363.2697696240616,1064430.9164888137,75774721.32504502,1875932.336532015,NA,0.9949901166958862,0.7712518648597552,4.456142191418643,736.1229590949396,1.0781054758420001,1.101980763386761,4.0825017625319395
2019-01-07T00:00:00Z,account_type_b,162122.4891406745,168301.0891452075,59514.4732782137,124696.19822545169,43944.16508873045,60156.66610668492,2519846.73815779,105525997.30505289,NA,11752346.429086426,0.3698925772873784,0.6257692909990531,9.081028981837246,861.5388575901802,0.6305843512811784,0.44657358261615804,7.641891915677533
2019-01-07T00:00:00Z,account_type_a,8235.30184906444,382419.76657267124,5917.237526885152,114794.4906950623,138126.27381349384,16593.98390467409,4262969.071965549,312831625.44223243,1875932.336532015,NA,0.3428987087641116,1.0702171668335119,4.226448986094648,716.9605048754299,1.0826885075399142,1.0757581198764148,3.8945300185806673
2019-01-14T00:00:00Z,account_type_b,154396.73978652194,209035.66268589188,73948.18784641621,153358.301258119,64779.54689685326,69721.25405174012,3169616.2869554632,132279023.15631947,NA,11752346.429086426,0.340004436895627,0.6345555875767814,9.066927761865106,859.2129051750173,0.6201287931887174,0.43270892531832106,7.655340300610632
2019-01-14T00:00:00Z,account_type_a,9832.41829494856,399170.84267461713,7193.933190690388,348466.22839446604,397237.1701838688,59129.965469366834,4601412.642036154,354492712.5374333,1875932.336532015,NA,0.39611643494272414,1.0644367085586908,4.358217052723216,778.3654885564144,1.0784501843103351,1.0174421844895416,4.004103791274214
2019-01-21T00:00:00Z,account_type_b,146669.43454688875,218201.01831472857,73375.43818950468,190476.213164699,75660.9592045389,88501.24749159515,3263834.1094113216,137859236.86008558,NA,11752346.429086426,0.44851164233430113,0.6220697977031674,9.10108405024207,876.2880852347673,0.6151507755418892,0.41966664569990414,7.698741906531089
2019-01-21T00:00:00Z,account_type_a,8552.702487116423,366606.0563873109,6141.540963951486,363730.0427184689,381454.60178316094,74897.0297406003,3757083.948882489,281212141.74385446,1875932.336532015,NA,1.1895359981854008,0.9208963686783286,4.4840312709191,778.3371545180466,1.073246521523207,0.9833106622931984,4.124222320335758
2019-01-28T00:00:00Z,account_type_b,167246.020028445,246103.48131757975,84944.69911642927,198827.81312643318,80680.23301357856,91705.85060886435,3814868.908879756,159637638.5484333,NA,11752346.429086426,0.4779226528527268,0.6308560942808958,9.222667902446315,878.2375311061957,0.62284096057207194,0.42163472041691374,7.803425357430782
2019-01-28T00:00:00Z,account_type_a,10247.061775540978,377670.6501477916,7409.77234711271,334056.55497564055,361189.3931474189,64476.56839342657,4093628.842278401,295886538.4291738,1875932.336532015,NA,1.2911009063481076,0.9539605900103063,4.597624431805797,765.6316594601341,1.0771586213060897,1.0336869605498222,4.21408198329783
2019-02-04T00:00:00Z,account_type_b,159693.75190538456,238579.02659065265,80537.63032778003,224252.9268245558,83617.13523653203,106363.40646436096,3699696.1792214857,150627537.3568518,NA,11752346.429086426,0.531000937460126,0.6295612716273358,9.32341328513617,861.8177157530992,0.6203038417004,0.42428416411723585,7.889005988823231
2019-02-04T00:00:00Z,account_type_a,9943.664106814818,406226.61444325146,7382.263435019669,344138.7672289106,382640.1536735588,62233.23039626342,4681352.985857543,328624676.7458158,1875932.336532015,NA,1.248076453716906,1.029337765913976,4.589320380044424,735.2948688097615,1.0658304390913893,1.0271952247690526,4.2208061757643796
2019-02-11T00:00:00Z,account_type_b,161754.5222245015,246172.91582991942,82010.41515983823,217396.53866523993,85606.17924453031,101306.34122708015,3632213.0067535746,150827523.61751106,NA,11752346.429086426,0.5516093773434364,0.6231334020257345,8.925445521477952,841.7508134162001,0.6036780690555554,0.404515129661088,7.587792730833021
2019-02-11T00:00:00Z,account_type_a,8485.021468708279,393749.8452332742,6232.531980874622,370159.36042519606,398148.5723136334,72269.18569539471,4342492.633102249,312227389.5010149,1875932.336532015,NA,1.266519739001681,0.9657064812247431,4.681761710972908,770.8982688516588,1.061361200480945,0.9630433666148551,4.29217430944344
2019-02-18T00:00:00Z,account_type_b,135169.1070166866,235120.57521867513,72471.87623075634,224316.1965212356,86325.09324448864,105327.44062106594,3462504.0846915096,152528898.2565977,NA,11752346.429086426,0.5390096516547284,0.6266941643230245,8.832847510327555,887.1536286712153,0.5781527239956532,0.38416779194183437,7.54255725423987
2019-02-18T00:00:00Z,account_type_a,7643.287423678266,330936.1178643438,5553.27345919261,358790.35419386474,329297.60982269567,92534.50746842565,3328237.7209312543,258156441.71271586,1875932.336532015,NA,1.3171415917189275,0.9224686533290799,4.39347010265357,788.5801495069676,1.0472650740678835,1.0123572602865376,4.039405801723599
2019-02-25T00:00:00Z,account_type_b,146302.24557345605,234037.19260702233,73158.1883196417,214245.14950855612,80987.92237258708,101178.94464489742,3485024.5986453807,152573989.75552732,NA,11752346.429086426,0.5433987765586739,0.6285901546371658,8.88517870444639,885.5280232496063,0.5909027117065844,0.3943123506544307,7.571135072222705
2019-02-25T00:00:00Z,account_type_a,8295.203440069348,389899.2930857315,6061.130297833367,301553.6091798228,330768.9774209876,56327.81973672034,4256804.606701839,321319893.95743,1875932.336532015,NA,1.283341209589584,1.0352107115211944,4.262015396468828,744.7693230178705,1.058913058494416,1.0361938543381175,3.9176062245454166
2019-03-04T00:00:00Z,account_type_b,147028.06615017788,242409.1568228013,76102.34727031742,213257.956153008,86075.73362178505,98544.15169520915,3544667.269497906,153104717.07521224,NA,11752346.429086426,0.537579649680552,0.6328908155936329,8.598297218124268,846.276895906655,0.609552449855142,0.41601679507768985,7.31118390436814
2019-03-04T00:00:00Z,account_type_a,8794.642679357028,398250.83538611647,6501.272891322023,355281.6773382832,394357.1394538126,64515.36644345495,4496158.984048962,339258660.15262806,1875932.336532015,NA,1.2602664715718432,1.0300314209069543,4.427626391030534,774.3402942357491,1.066372062079242,1.0484839998358404,4.068289264818551
2019-03-11T00:00:00Z,account_type_b,141703.0480926636,226941.59810336964,70259.17219906738,220886.60678650383,79844.65954101036,105766.3797542228,2978476.897961021,134453033.51596284,NA,11752346.429086426,0.521085737695657,0.6216536047073803,7.910471043927585,814.3804525115522,0.6416681335872758,0.4719595756255937,6.700810615472709
2019-03-11T00:00:00Z,account_type_a,7064.498024877591,317188.08442108874,5125.121929949638,362891.71923746145,324285.6272306941,97077.35377398708,3377674.559376655,235678195.90725303,1875932.336532015,NA,1.2966362152241786,1.0242972062983318,4.231932793861593,678.8584268398453,1.0777442758112197,1.0778194317003431,3.88688889077777
2019-03-18T00:00:00Z,account_type_b,140945.3318635885,217616.95153445957,63509.613742187656,206792.3514143615,74930.37925731958,98946.0300044583,2807384.043651079,135052553.41751462,NA,11752346.429086426,0.5235557782063855,0.6250293923398759,7.63111020825727,833.4060389186075,0.6705486503258967,0.5258876570656552,6.459656622013272
2019-03-18T00:00:00Z,account_type_a,6804.6651496095465,328247.57270272094,4873.309580790263,289026.2092372215,274108.9298177813,71031.12254672802,3583260.63365106,253473395.07550716,1875932.336532015,NA,1.293562032766356,1.0456617800820713,4.260605274471613,693.2990215693304,1.0798963561623804,1.0848179338026929,3.911493322303099
2019-03-25T00:00:00Z,account_type_b,129690.83423932863,213041.42139042914,62926.98909119145,198295.60332495012,70490.0280811064,95421.1982056116,2876667.931051556,134156320.31930244,NA,11752346.429086426,0.5047215792555646,0.6186015227382746,8.267545269666591,873.1113112720074,0.652246266899444,0.49214262347629983,6.985366214852602
2019-03-25T00:00:00Z,account_type_a,6371.351043249364,306802.51934745925,4590.461535936175,299103.76930691215,270063.7626050341,78909.44300398273,3316883.0644573593,236433477.55186728,1875932.336532015,NA,1.2493294060291875,1.0495000043765526,4.190099174610906,686.015092677745,1.0775244772974166,1.0915460412689968,3.8471550262027043
2019-04-01T00:00:00Z,account_type_b,141389.53716831323,224120.31049168564,64132.44372624291,194126.3164010942,75119.95090031062,90987.7971456526,3342427.9245591005,157253900.32260403,NA,11752346.429086426,0.48475648749989203,0.6302086829541158,8.872330926249552,945.9421159842827,0.6378121740733741,0.450833349890808,7.527427821190133
2019-04-01T00:00:00Z,account_type_a,6838.116687443457,336459.2248826568,4949.4881065863765,279562.73740001133,272690.0589821638,65704.7872607428,3695059.917134968,274836341.7730509,1875932.336532015,NA,1.1627327348266785,1.051164776359701,4.2679692449015105,735.1535187765483,1.0751770900298503,1.0222235760802474,3.9214267884468654
2019-04-08T00:00:00Z,account_type_b,146601.7535284806,227612.45802406326,64848.38079738231,204221.55476838653,80177.1390379485,95262.53155325675,3430914.0945391953,162441379.18225285,NA,11752346.429086426,0.48895385097326044,0.629977464623123,8.9779333958187,963.4347828918472,0.6386293548301982,0.45424760060144853,7.621260870609711
2019-04-08T00:00:00Z,account_type_a,6510.602793767268,343621.19061134005,4634.193652596907,306586.34137601487,311776.8152801008,67001.91609751241,3709540.44374403,273090125.1039084,1875932.336532015,NA,1.21029814129818,1.0486676183849784,4.1919793372738585,715.9009399039253,1.084687275891741,1.0765100131041758,3.861825991584267
2019-04-15T00:00:00Z,account_type_b,131903.30339280862,211706.84921942983,59535.63397982373,207403.64833669434,76407.57982924207,98739.87917147171,3114884.171067413,155606645.02980712,NA,11752346.429086426,0.4917059204716443,0.6256768036666559,8.76249809068876,989.2666215210561,0.6291235685879841,0.44052419996304704,7.443528237914322
2019-04-15T00:00:00Z,account_type_a,4203.224625967804,250439.05395573046,2982.9535702941125,313112.4245011935,254112.03796904196,93962.50733961935,2494465.7413337897,189952256.8235058,1875932.336532015,NA,1.2585241193981171,0.9594173426217376,4.21892833544284,746.3059243415559,1.083948532675297,1.0589026466311464,3.879553408086989
2019-04-22T00:00:00Z,account_type_b,131700.2603375842,203989.40739202924,58495.232817330514,192910.2356134397,67945.39333480361,93079.99647031716,2878817.7460106136,152972291.45136428,NA,11752346.429086426,0.5114466603058354,0.6186015227382746,8.539385454685098,1030.285184556768,0.6131458751334101,0.4261908195007502,7.29269237508513
2019-04-22T00:00:00Z,account_type_a,4315.248380574386,295191.6393501885,3106.39099635263,228203.56112018006,220910.75206427294,54302.21408001494,3062754.2752747918,229142151.45331618,1875932.336532015,NA,1.1958145410534389,1.0154646660544049,4.164873658882963,722.3452527998102,1.0833019948446185,1.0961876359099687,3.842723172077024
2019-04-29T00:00:00Z,account_type_b,141689.04512333777,205393.4140753682,56084.323547227585,185877.99491482263,70332.53779308307,87755.39841045262,2968071.579824473,163948255.10593697,NA,11752346.429086426,0.4938784217030681,0.6292838096301444,8.568371295738945,1075.9867078094912,0.6195065994763068,0.42415834605786273,7.310725436699967
2019-04-29T00:00:00Z,account_type_a,5298.568004343274,359405.28901937907,3833.6137750173802,268982.7415037458,301882.6337593762,47527.611284761515,3839989.8618064723,291668629.5869276,1875932.336532015,NA,1.10603664652667,1.0423784797819728,4.157979729118805,733.043833512995,1.0810217923561265,1.041466589248423,3.846390913422415
2019-05-06T00:00:00Z,account_type_b,169570.51293653157,209953.62778285312,57972.56348756274,187157.3453991569,73701.08006469307,87213.96293617602,3051946.423434228,169902056.14779466,NA,11752346.429086426,0.4806014396705874,0.6283126926399745,8.648591569358238,1096.8660126589127,0.6242504519387884,0.43669239417580086,7.355196800512829
2019-05-06T00:00:00Z,account_type_a,5311.793030928774,344999.6699004365,3827.970921254705,327495.1152552585,349848.6341663319,64896.39803925602,3619887.638471323,276728310.63167965,1875932.336532015,NA,1.1550274992301928,1.0172681690361491,4.178818198633193,742.4837105895365,1.08098260375896,1.0558919176880004,3.8615203464721515
2019-05-13T00:00:00Z,account_type_b,150321.0977699672,217048.2011907361,60452.59771625843,191312.67577227464,76072.18384548869,88858.53699708034,3089886.1155990027,174798594.24333394,NA,11752346.429086426,0.4842494717576386,0.6284514236385701,8.47295304059412,1091.2597149656003,0.6327903850873159,0.44882629055412504,7.234466981227053
2019-05-13T00:00:00Z,account_type_a,5441.709468562796,342558.2299150813,3948.5869204318847,314368.5140676308,334857.8919359636,62679.69750927653,3644052.1285703555,271747366.59062594,1875932.336532015,NA,1.241777587776508,1.0057997398189036,4.3113696663713235,747.9491384875741,1.0843173971656381,1.0946215682133327,3.9724695221702193
2019-05-20T00:00:00Z,account_type_b,140022.69177356487,219533.54829418845,60298.1245945052,197777.35007420526,76655.48120853804,92650.32254313723,3086247.2821596037,172511870.15069687,NA,11752346.429086426,0.485021129280604,0.6194801523960475,8.52074050827749,1085.4225829032125,0.6295860924402897,0.44979374280185447,7.28230044127319
2019-05-20T00:00:00Z,account_type_a,4485.617840705229,311522.0239950176,3278.4980361142193,312143.839879963,310091.08590088814,71130.1444356064,3293454.1779855764,246915088.6044511,1875932.336532015,NA,1.2974199955495842,0.9523420616933564,4.55344060922642,796.0904305468696,1.0882472933043983,1.0912949616319596,4.183823117198357
2019-05-27T00:00:00Z,account_type_b,112987.62566184302,209135.73007132258,49635.24705321031,200042.0330406559,74844.34289626981,94779.00361633593,2956054.3457492776,170663664.60023475,NA,11752346.429086426,0.436235296831657,0.6177691367467004,8.567117853963644,1119.7427871736063,0.6341136660762492,0.45198554126507623,7.329216965982978
2019-05-27T00:00:00Z,account_type_a,3425.281885644316,211955.9965872369,2458.1681703653303,283863.2159008063,209472.29077487517,93485.34923180766,2040131.6492035056,149887148.38802767,1875932.336532015,NA,1.3064780366759847,0.858652393975053,4.616582738657232,789.1969350992333,1.0850174355658961,1.0651705847894961,4.247091655406346
2019-06-03T00:00:00Z,account_type_b,105806.43622591691,178985.8352793594,46244.59729856292,190567.3959628552,64827.668929304826,92859.94782836517,2519985.665719353,145275061.7860179,NA,11752346.429086426,0.46965684893544507,0.6192026903988561,8.49911863765354,1104.1907617752654,0.6103248250220128,0.4096085023286593,7.258612945084208
2019-06-03T00:00:00Z,account_type_a,3926.277010412642,184829.56636935854,2807.3197469308507,193137.2621721143,158073.58538637403,57430.958323348066,1865638.6318804396,138642676.14887542,1875932.336532015,NA,1.2153247418655617,0.9184454543698044,4.518814280183717,781.6764089833114,1.081036994411069,1.0258903328928417,4.157996105224565
2019-06-10T00:00:00Z,account_type_b,102691.55349366166,160545.86677432794,41788.15353949028,163094.39105308187,54175.200836616066,79991.73487716237,2162131.421726786,126236836.98641796,NA,11752346.429086426,0.45719471442953374,0.6114337544774963,8.278982925866218,1087.528586342571,0.590879604699888,0.38625081780004783,7.10303958301722
2019-06-10T00:00:00Z,account_type_a,3867.9313048883805,144546.31715888204,2778.400121397141,168419.2803780601,127780.036836406,54076.95375970093,1502774.0900586855,110657504.28103474,1875932.336532015,NA,1.1096309963246198,0.8966184439240792,4.746627322844759,810.976045765973,1.0718146601060248,1.0107484583739872,4.349788413077285
2019-06-17T00:00:00Z,account_type_b,90471.62892866031,147909.80662427732,37907.280864210494,146291.63440101437,48412.22288968848,71822.71858238161,2013311.5053315195,114315597.27093782,NA,11752346.429086426,0.44047064324131563,0.6107863431507162,8.335387805754785,1068.410954330649,0.5915888895108856,0.3892079753503623,7.152401268623937
2019-06-17T00:00:00Z,account_type_a,3544.3071249138097,104702.13912937697,2494.141363102384,131712.62149989884,91504.77382836687,45636.930190095096,1146303.7783139953,81384117.49727981,1875932.336532015,NA,1.068371485384367,0.8965722002578806,4.962062627974699,810.7272825138626,1.064428766256885,0.9773359160166231,4.547387978060208
2019-06-24T00:00:00Z,account_type_b,74914.33000767122,133835.02253471792,32667.185788846353,134777.48004200583,44176.02579054257,66338.87479478866,1868860.6826351495,105365146.8589454,NA,11752346.429086426,0.4023520999575197,0.6103701501549292,8.440676914880108,1068.7540042980056,0.6136784490648649,0.4067027113978573,7.261363751093251
2019-06-24T00:00:00Z,account_type_a,3082.209137161658,75970.54636152856,2180.962979273917,95406.05040956574,65741.98754588468,33271.35466314051,835073.9802064712,58159634.83380737,1875932.336532015,NA,1.082436279123877,0.8446405631168862,5.274639670690504,847.607475154751,1.0527453031544878,0.9737474054278619,4.8261363203098995
2019-07-01T00:00:00Z,account_type_b,66768.49157374397,128019.88212627039,28770.79526571921,121952.34035032312,40617.91187594153,59769.84375714827,1711204.6170999627,96816831.03184398,NA,11752346.429086426,0.3645735099218228,0.6041272552181222,8.160375997878317,1037.4882733953832,0.6069502049927931,0.3897713245749334,7.022349273418626
2019-07-01T00:00:00Z,account_type_a,2435.73871995284,38621.926393172886,1676.6329242348322,69225.422098149,30150.640696020935,31110.82444439613,416980.3892956917,27683746.481342852,1875932.336532015,NA,0.9860856339669899,0.8111139051229228,5.372094768720194,818.8766001705114,1.0187969191430783,0.9224339733902122,4.8729000224636305
2019-07-08T00:00:00Z,account_type_b,65813.95583136706,113053.68142976194,27272.61759172898,116653.5032533895,36543.57979504182,58089.946098456916,1508503.961411865,85098051.47668774,NA,11752346.429086426,0.38574260189079584,0.6020925339053851,8.234642423064928,1046.1932263468036,0.5983724796996936,0.38054128879312893,7.074156119922268
2019-07-08T00:00:00Z,account_type_a,2651.2288590224457,39032.40689259271,1854.382817759097,35192.838341425355,22398.618741095062,13008.34919160381,495330.1906494435,33216140.697846968,1875932.336532015,NA,0.7669572205319368,0.9242721563108242,5.506839759565102,836.7590602047738,1.0143789265161192,0.9300204342079674,4.991031858296422
2019-07-15T00:00:00Z,account_type_b,73795.64834708604,116928.73987577746,27997.018943512394,103016.09230874399,35238.4519452189,50120.710807553616,1570633.0793918502,89456013.22260702,NA,11752346.429086426,0.3708497709086396,0.6061619765308592,8.145178016352785,1046.6331242984118,0.593007450985277,0.3809693727709292,7.006761372700715
2019-07-15T00:00:00Z,account_type_a,2791.2585522806735,43629.380047786886,1864.9631685641127,35566.873901208906,30693.10724365683,9947.35676697695,560250.3277187767,37859598.78069598,1875932.336532015,NA,0.691601488650706,0.9147459610739187,5.578442620979198,855.9051863343767,1.016761239438534,0.9335334770900124,5.071263700226843
2019-07-22T00:00:00Z,account_type_b,77561.66915299204,105536.37437322274,25393.547288758178,106547.0996455066,33196.91117454617,53129.00737318671,1438881.6607204012,81888203.23517309,NA,11752346.429086426,0.3746615519054722,0.6045434482139093,8.287130297405678,1057.0337974104527,0.5894882813403813,0.3840461350465927,7.132075868668229
2019-07-22T00:00:00Z,account_type_a,3599.5410594767773,41796.513141173484,1709.784690090548,39755.699996098316,26729.60166173649,14128.280964064714,481795.4401325606,32721708.01942948,1875932.336532015,NA,0.603189920947291,0.9011040795453406,5.136291034741604,789.2108619994481,1.0204128844069444,0.9406964973596611,4.700057711562095
2019-07-29T00:00:00Z,account_type_b,77955.30817959573,102187.18024860327,25217.91346539492,96166.21720643928,30394.167345094036,47781.246298379854,1403895.0698001315,79205880.79613028,NA,11752346.429086426,0.3575966134325458,0.6019075592405908,8.409027510053745,1063.8931959644601,0.5935876610298589,0.39755083540194924,7.234619803783111
2019-07-29T00:00:00Z,account_type_a,4531.516462384316,45022.154677659135,2460.284240526333,38085.56609109465,27935.568959841024,12609.945334596001,480634.1482077011,31988848.544791672,1875932.336532015,NA,0.5014849613143297,0.8519933060424589,5.008596653882766,748.9520353823432,1.0142301958863489,0.9415023152731177,4.58513514940652
2019-08-05T00:00:00Z,account_type_b,85817.1975133049,107732.75137384972,28679.09889207574,93114.3847783546,29554.219142302973,46215.4264882794,1534807.5797344504,82742890.52631861,NA,11752346.429086426,0.34070169122477334,0.6053758342054836,8.757014282921817,1062.039957760032,0.5969919856206178,0.3919161455413316,7.450863720605102
2019-08-05T00:00:00Z,account_type_a,8814.091247865115,80697.19867947476,5348.014653575304,41024.815676557926,33475.435665402234,12239.33709551897,846150.7815572403,57633595.835024424,1875932.336532015,NA,0.33619246837933126,0.9200177390205558,4.608435367117772,702.3876846335618,1.025501496817551,0.9722527558133538,4.244799317065477
2019-08-12T00:00:00Z,account_type_b,124446.722226808,133458.2381956982,42346.79606199511,98167.58658229603,33148.789142094596,47932.96404625202,1990297.6204218415,103244601.374781,NA,11752346.429086426,0.3098305710491392,0.6182778170748846,8.990467813571716,1052.8768578153429,0.5933452819418025,0.3852510603547961,7.602616518770642
2019-08-12T00:00:00Z,account_type_a,18364.894270816574,188582.09332300993,12575.804966841742,73532.41365595511,74835.59343582406,16046.75767666191,2001456.353411481,145658142.80069372,1875932.336532015,NA,0.209283282234815,0.9797183120829099,4.324844165455814,711.5650316370911,1.0479491286631237,1.0028331745916268,4.0045622589423875
2019-08-19T00:00:00Z,account_type_b,162080.48023269704,168323.5532521409,56714.20709848619,121609.0092021636,44784.11329152152,57901.74660205061,2483615.1425512065,127893552.07731006,NA,11752346.429086426,0.29440689580105694,0.6310873126118887,8.767355177568053,1027.4447372302266,0.5844266604581048,0.36878669452776297,7.444597995806728
2019-08-19T00:00:00Z,account_type_a,18375.00752644078,263640.80116219545,12765.545924611692,171838.63530891718,186811.1882204079,32763.505560530266,2968044.8629857106,215055093.04284632,1875932.336532015,NA,0.3269793674694616,1.0704483851645048,4.166910501767829,682.9324453509184,1.0595116226478811,1.0077326569077887,3.8570884923464703
2019-08-26T00:00:00Z,account_type_b,175529.55432740948,196707.97345829097,67494.87921207692,153378.77086586834,59213.431809954825,71944.32441082876,2929394.5029098643,150481809.80626667,NA,11752346.429086426,0.32333595868260534,0.6367290398881142,8.819843051908803,1026.6649908975178,0.5838009853719417,0.3562392325633656,7.486012908498431
2019-08-26T00:00:00Z,account_type_a,16977.822364819793,318328.6483958448,11825.305416405958,240233.17741978582,266246.0813638761,43786.20529620417,3525985.074712857,259276594.68415374,1875932.336532015,NA,0.6775800785723506,1.0776161534252833,4.074469170839345,685.0150772106065,1.062312953709382,1.017445460983893,3.7788433436448035
2019-09-02T00:00:00Z,account_type_b,224297.2288328083,268675.8244025914,100758.09142960583,179243.05069388606,74606.6492208272,81928.74200171341,3889045.540018867,197420966.0708097,NA,11752346.429086426,0.32660903336297986,0.6332145212570228,8.706563251465932,1001.1014451965826,0.5810938744642418,0.3526127413813983,7.33502422311318
2019-09-02T00:00:00Z,account_type_a,18185.189497801846,375605.9945014561,13056.858250109794,290065.50704885885,297714.9741003886,62303.877591837474,3532275.9996800413,247624007.53683153,1875932.336532015,NA,0.7842869339731077,0.9480876444030878,3.9483415921996348,634.0242133039392,1.0694061937960837,1.0472374077418918,3.658724814583258
2019-09-09T00:00:00Z,account_type_b,283944.432561631,320271.79364558595,126188.3172678214,244821.16086578753,98090.20105719405,113417.12358966927,4846197.662142321,249779016.68392456,NA,11752346.429086426,0.39429375204433215,0.6478275197757711,8.915731347719365,1038.7053564106952,0.5784881348241365,0.37223534533149377,7.465076218318492
2019-09-09T00:00:00Z,account_type_a,15014.294888243312,416566.2302072444,10675.57396226091,342257.4241894023,395412.9076809319,55990.21879393611,4650744.39424909,329119598.35242724,1875932.336532015,NA,0.9399053985266901,1.1189117473406065,3.96322621328134,639.4163248767088,1.0744849908107583,1.076065743295249,3.6686582807270245
2019-09-16T00:00:00Z,account_type_b,284604.1280054254,352357.6860169023,123520.65815151676,291836.12811917753,129642.21366794105,130148.34835787657,5580260.618357021,285537419.98745036,NA,11752346.429086426,0.4503857041703259,0.6775621971414518,8.780829676652544,1015.0621221462565,0.5879974429700626,0.38656013369612885,7.292845197641188
2019-09-16T00:00:00Z,account_type_a,13197.798589587968,396947.9171839779,8817.664360900142,379580.96261019167,417190.31473037944,70571.33670012307,4247398.498334994,298034958.98011667,1875932.336532015,NA,1.2600151898610101,1.0807144790605876,3.936747255778096,633.2553523645017,1.0789473348360072,1.0699033926053056,3.630299819156481
2019-09-23T00:00:00Z,account_type_b,225997.81166315541,311326.99470300466,87894.50092086766,321073.24104225833,143911.1254115358,142678.3812909216,4768480.1593059385,249463405.4501122,NA,11752346.429086426,0.5150123392499754,0.6695620428890992,8.553643354879153,1010.3508278908773,0.6066104954534528,0.40688236477463613,7.12535167620168
2019-09-23T00:00:00Z,account_type_a,12951.190740905422,395578.6277568088,8732.316197739681,361704.4819879992,399695.7685691218,66392.72880452954,4329631.146922171,299086118.4086506,1875932.336532015,NA,1.3187302618463292,1.079373412740829,4.044856608897848,636.2595608280502,1.069809184509001,1.0818208991074711,3.720617949786726
2019-09-30T00:00:00Z,account_type_b,197403.74829982533,293382.25764627825,76718.12368716934,283685.5024880733,128633.10922986567,125476.36824401174,4548995.985507486,232213343.5088645,NA,11752346.429086426,0.55160245458976,0.6626254929593136,8.735235732075953,1008.5123169832281,0.6278298718249361,0.4236393008078563,7.255403671406992
2019-09-30T00:00:00Z,account_type_a,9500.23674483043,375661.13367301994,6765.781661447417,360456.7663520049,385754.9615922423,71152.1492998016,4094239.767324761,285354218.9781728,1875932.336532015,NA,1.3571490920408678,1.0656390438798535,4.087473629258098,652.0576281301836,1.0731461038867411,1.0640080938084844,3.7522522188907206
2019-10-07T00:00:00Z,account_type_b,192812.3302464361,292647.0686920935,72736.38500088174,267334.0076432074,123346.97687723093,117398.84585825313,4441738.5646131355,227732322.77134764,NA,11752346.429086426,0.5709937834962537,0.6572149840140808,8.684314659954332,1011.5296519504271,0.6266429130643605,0.4237829059897783,7.207570211360855
2019-10-07T00:00:00Z,account_type_a,8270.309272378998,356809.66357279895,5838.237574207701,342307.6677720598,359150.7688635614,70421.35617837158,3721904.996723132,263897030.7937774,1875932.336532015,NA,1.3288585751525064,1.0263781712772675,4.073999130173608,666.5047861114941,1.0774950130875467,1.0767331178623751,3.7369699632849263
2019-10-14T00:00:00Z,account_type_b,176072.5583601553,272283.3557569452,65926.87122277358,266664.09320777416,116900.08277212798,119542.00381579077,3986435.5417970796,208400023.4474031,NA,11752346.429086426,0.5913556416041801,0.6432956404883112,8.495514992549547,1008.6485444784313,0.6078769697131169,0.39372360247705207,7.177616990373497
2019-10-14T00:00:00Z,account_type_a,7387.344262111838,347997.6070802788,5154.041555483348,325129.94512349286,334173.9757777882,69648.86963004539,3349009.1725074993,240659905.29417253,1875932.336532015,NA,1.3042346689565247,0.9643654149049846,4.002239588537598,665.287863175495,1.0804299988867132,1.079725582479455,3.707016742297569
2019-10-21T00:00:00Z,account_type_b,185961.76647514745,276556.64155314415,67617.61128141511,248108.3937829897,110816.29127552325,110409.40609940974,4057844.308440436,210954659.40123346,NA,11752346.429086426,0.5766745417070523,0.645145387136254,8.51259313673803,1000.7358240461192,0.6163390324149215,0.40080257242640094,7.205277873019986
2019-10-21T00:00:00Z,account_type_a,7268.3190228423455,363891.9838314455,5090.559450653253,317100.27626545297,344862.89995566756,60406.82666806192,3690794.128545952,270695617.3683967,1875932.336532015,NA,1.2645498957700352,1.0243434499645303,3.9528853186351025,670.2450392553536,1.0805032024299024,1.080289388985256,3.6591832822514325
2019-10-28T00:00:00Z,account_type_b,175035.56068730407,274116.2226635586,68204.46807273332,252002.27143894532,111071.48387185734,112731.49834737676,3958530.6942713517,200070674.30443847,NA,11752346.429086426,0.5667228431056557,0.640521020516397,8.485957499012875,976.4894109310036,0.6148578206037247,0.40232697303622955,7.191371020418712
2019-10-28T00:00:00Z,account_type_a,7178.855607705144,367797.67515055207,5137.818350915657,331583.4541848329,355548.90764673165,65177.24959543158,3795417.269138359,277878364.44954675,1875932.336532015,NA,1.2397784992948229,0.9945162852664524,4.129463928730697,693.4722273857933,1.0807999386144251,1.0620003676902645,3.806809871403407
2019-11-04T00:00:00Z,account_type_b,186745.93275739354,295689.93408580264,75592.37436151566,249778.52768799337,114345.24032197183,110047.48399093607,4369341.274935582,217609732.846505,NA,11752346.429086426,0.5451710399581543,0.6439430518150913,8.6036243456693,974.4175043852739,0.6154212493026944,0.40088995458149235,7.270991572124901
2019-11-04T00:00:00Z,account_type_a,7006.152319353329,359552.326810216,5000.273790450452,335142.3746230719,352412.2260769338,68637.80402781337,3667749.964552344,265106971.00072548,1875932.336532015,NA,1.2880931714686896,1.0116264417599237,4.0133638842933985,665.3045114240275,1.084791425647086,0.9980035217522653,3.7140465798762343
2019-11-11T00:00:00Z,account_type_b,167199.3434640256,282182.879244197,64947.13073822913,269436.794621095,121264.60529114475,119534.47583593451,4203971.167488482,211659070.1846763,NA,11752346.429086426,0.5518177724271501,0.6423245234981412,8.65501545845666,995.4892245686958,0.625500832455059,0.4105636865170648,7.303237131453128
2019-11-11T00:00:00Z,account_type_a,6957.919869453273,372964.41974523943,5073.6308893652285,327629.09814234514,364921.0380275271,58994.46183195429,3830601.564665468,290139682.59760785,1875932.336532015,NA,1.2794284879795046,0.9928052696171054,4.100634767898764,714.0216087715088,1.0792376443524154,1.0698184591132174,3.801613904497437
2019-11-18T00:00:00Z,account_type_b,162747.17716115425,268247.98527508666,61722.23981286032,257128.97774344124,112189.95656550447,115478.05284416169,4088363.843919682,207704543.49564728,NA,11752346.429086426,0.5620129320967722,0.6468564027856011,8.777226031548553,1016.1679500391638,0.6378177241268814,0.3981302366684143,7.416478645492065
2019-11-18T00:00:00Z,account_type_a,6246.880204797606,362496.14591426414,4584.113325453165,339850.3844054221,366059.926128881,66148.35899688811,3801612.013485999,278840818.44432235,1875932.336532015,NA,1.3054700878751366,1.038031575159307,4.034202353807785,679.7014045011148,1.0854301055606344,1.0728527688282101,3.7384981888455053
2019-11-25T00:00:00Z,account_type_b,133487.97275484758,260686.77110045028,56781.21598691796,244431.30788183401,102026.00001436954,111611.56657491585,3905620.6667868774,196697748.87612844,NA,11752346.429086426,0.5051681071033703,0.6383475682050642,9.083065824722112,954.033965167632,0.562519611752437,0.3561471017587583,7.492584278408922
2019-11-25T00:00:00Z,account_type_a,3208.2358610940632,179257.44675409986,2329.793247264472,330311.54719422566,191894.624739383,129373.54550805615,1369417.8799389258,95855264.80747403,1875932.336532015,NA,1.3766456777434466,0.749841047409817,4.424806147036106,625.3058136902426,0.9244942623544874,0.9069569804684501,3.944655816967673
2019-12-02T00:00:00Z,account_type_b,146788.45978615823,221469.54587354168,50437.2376442305,237541.42400074648,82892.38826294322,114921.5614101726,3235763.617485269,165715881.4402134,NA,11752346.429086426,0.5778364749963542,0.6356191918993486,9.240059407078622,945.4168957589457,0.5666923697787701,0.371804905749572,7.407767759796762
2019-12-02T00:00:00Z,account_type_a,5200.547219062515,346489.4486284304,3777.1852373906295,163341.8872195058,183114.54118208264,28943.34532116905,3614193.389569826,263805086.8844544,1875932.336532015,NA,1.1978969820634595,1.0986107778794343,4.344585873416812,595.3953142498892,0.8429287071516101,0.8657183788895502,3.870384054723512
2019-12-09T00:00:00Z,account_type_b,165207.81004879746,252756.94135295186,63681.01542522891,201806.1410539634,90313.38896433858,89734.09896189983,3708532.3283614065,186608736.3837401,NA,11752346.429086426,0.5274859200043754,0.6443130011446797,8.998458504889262,929.2644128582458,0.5536505264880267,0.3657938355365002,7.350917768943207
2019-12-09T00:00:00Z,account_type_a,5191.211906178633,362248.0196422268,3911.908370974497,315726.021236099,353386.3326732262,56166.83678287126,4121672.6173656913,305422409.90152305,1875932.336532015,NA,1.1429261939521318,1.0804832607295947,4.576315921625672,692.7107300947451,0.9161570294260134,0.9659085575287588,4.091671115895417
2019-12-16T00:00:00Z,account_type_b,157653.9860402564,239285.62486328578,52426.34359557347,230315.65246522648,98556.83894763353,104204.03439636368,3380839.6142086727,172496231.37818247,NA,11752346.429086426,0.5046325513137786,0.6301624392879173,8.3158027780157,946.8452834671698,0.5840127849149865,0.38382797153819026,7.029837578665464
2019-12-16T00:00:00Z,account_type_a,4267.793873414653,321408.2732372632,3271.4444689108755,330085.45107226697,333436.1046135308,73026.03720863485,3432798.522233216,263390551.2326481,1875932.336532015,NA,1.1839912329338036,0.951000995373598,4.541532912361056,773.1976481008948,0.9899500057187909,1.0435277411206383,4.115358612084397
2019-12-23T00:00:00Z,account_type_b,108834.18937125592,194014.32281781957,51359.13887770754,218040.40087262852,64025.63505511197,110276.79783886498,2700477.5039058044,134521763.73061126,NA,11752346.429086426,0.42131858239599335,0.618786497403069,8.262688182787299,936.3786576782501,0.5802257842564396,0.37641114205985704,7.037784351580478
2019-12-23T00:00:00Z,account_type_a,887.6326667090995,6388.9962310195315,653.8656797499744,292871.70418395137,4415.561038283584,180520.95695292787,112367.46158824916,5527555.752298495,1875932.336532015,NA,0.9697481507490449,0.6200813200566289,9.269985329463944,1133.2165028537052,0.781604084771587,0.6699446976444485,7.725027386173056
2019-12-30T00:00:00Z,account_type_b,98985.43427876057,176666.92678636828,40531.91322057474,176788.558637396,65094.52747289991,84178.4498279857,2660149.3263556976,134699642.7372489,NA,11752346.429086426,0.44079985751229755,0.6226247216975503,8.747143428941317,1008.7639616629691,0.600939184476269,0.39998917883178187,7.417089935716296
2019-12-30T00:00:00Z,account_type_a,1544.216339542123,60425.384363599616,1089.7761329166242,5821.742531257891,2913.5703284315064,2466.282015982934,501133.0880285729,31868445.93472009,1875932.336532015,NA,1.185812813452981,0.6668336665833835,4.822930590916236,722.8115638380324,1.0275620959139689,1.1187349484465055,4.337715431148707
2020-01-06T00:00:00Z,account_type_b,179777.12168957572,248692.98018954165,73922.08964776383,160981.36927131956,59983.38432917997,76370.1974909315,3662864.3453040468,184625170.1003352,NA,11752346.429086426,0.3284174918778335,0.6354342172345543,8.695595635932044,995.2598309134358,0.5902754533393125,0.3863923882173759,7.358864541858219
2020-01-06T00:00:00Z,account_type_a,5766.11159127769,356120.42392825073,4357.693818225828,55060.45353559984,68274.9563449265,7155.634391054499,4048922.665416477,298853097.54132706,1875932.336532015,NA,0.2045037663196251,1.0956974269089244,4.154376084014814,704.9487935592458,1.0408188934939082,1.1158786827296965,3.8051288232867697
2020-01-13T00:00:00Z,account_type_b,177024.76027431124,269816.38837734744,72496.56371596805,226612.51433602616,101012.52084607129,100924.15148053196,4075858.582256432,208129225.75491723,NA,11752346.429086426,0.2976145498939349,0.6525906173942239,8.68823166550215,1005.9350400469501,0.6013975408445219,0.3969390510062729,7.353057284728018
2020-01-13T00:00:00Z,account_type_a,6338.677448155778,380224.41066781397,4756.925721935089,324501.9003402742,378873.51095166756,51507.596327224695,4438026.705147787,338938813.33772165,1875932.336532015,NA,0.21033157989233517,1.0864486936692104,4.296955085955356,758.3000269333305,1.0510046051917394,1.1373799900340014,3.9417521884025724
2020-01-20T00:00:00Z,account_type_b,168835.35704692587,272198.60480806004,68623.44996461194,245667.85827723786,109120.35419245726,109563.95605401526,3980132.1489718067,202600579.7312446,NA,11752346.429086426,0.44386847155264625,0.6374689385472914,8.608481432548592,997.1935890122085,0.61104063580219,0.4101009497406306,7.235231094007342
2020-01-20T00:00:00Z,account_type_a,5794.117529929336,336983.0470125135,4152.435012608522,346703.9812545903,362299.1163806203,71907.26358692105,3510389.565366124,259813922.91943938,1875932.336532015,NA,1.1654100866142358,0.9614520639344747,4.35962717472043,750.0093592434685,1.0588601094087444,1.179423863234481,3.98056911764129
2020-01-27T00:00:00Z,account_type_b,188223.24602126784,288542.2636978952,78389.11375764149,247767.85394497783,108453.93695517338,111135.56661785129,4290804.455710495,216063624.09259596,NA,11752346.429086426,0.509177077237568,0.6506021397476853,8.607384670995204,983.319675050079,0.6127992987345526,0.41298732744131667,7.222546821854532
2020-01-27T00:00:00Z,account_type_a,6771.99155451596,371669.6703092585,5048.23804743319,307615.4043837776,354665.2121417119,50611.18764895713,4350222.705117418,314083699.7100111,1875932.336532015,NA,1.3156851067165738,1.089177069974926,4.300715411281261,712.0683209965731,1.0593291104233489,1.1763706738142292,3.927539690689183
2020-02-03T00:00:00Z,account_type_b,207092.24718781403,329006.2468596088,88259.87570200088,262666.00663964,123933.19072709553,114260.83640894307,4935554.80106606,245480792.72371393,NA,11752346.429086426,0.5107081780474935,0.6550415317027481,8.583725957486388,967.6964143575365,0.6057488879581169,0.3995264397306131,7.161723444543471
2020-02-03T00:00:00Z,account_type_a,6849.007885807985,385839.4163054001,5218.934373754111,339127.4350771837,391240.87329172145,55698.9438810365,4534618.764008305,334542394.1169968,1875932.336532015,NA,1.2828468459905265,1.0692922935095406,4.413368490836481,748.1050557382533,1.05399227924247,1.1736655538764418,4.0221368528890515
2020-02-10T00:00:00Z,account_type_b,193691.40554300163,307467.25269353465,80290.755475663,299521.535392342,128882.46885256926,135233.20921308815,4550572.27899445,227450660.09343758,NA,11752346.429086426,0.559836936969516,0.6514345257392596,8.559910563755661,970.055022952513,0.6146110480410648,0.408596424126524,7.163710137772224
2020-02-10T00:00:00Z,account_type_a,6074.176916445792,382255.37015374936,4620.791874910553,352146.1056057694,400195.9460579366,60245.264638839275,4580471.9838144155,342181610.7197123,1875932.336532015,NA,1.304936751831367,1.056436554306338,4.514427233970162,773.7707320407628,1.0440021335774075,1.155825791471155,4.044601768629569
2020-02-17T00:00:00Z,account_type_b,176370.51042969918,307101.70040798164,76328.76677754476,279969.3382448507,122075.38862578335,125767.64315691135,4468318.256936263,220657949.12676755,NA,11752346.429086426,0.5392766611469421,0.6372839638824971,8.60190086322826,965.1626789943434,0.6043554851004582,0.39585239748055157,7.267629475891627
2020-02-17T00:00:00Z,account_type_a,4924.377546247677,315452.22161259694,3744.738828255248,348740.7072256505,333322.3616277362,84681.66632760748,3420720.72999016,261540439.24721253,1875932.336532015,NA,1.3781143392846895,0.985082577361944,4.415875374387084,779.912975273371,1.0585226230522584,1.16460439426272,4.038488866387251
2020-02-24T00:00:00Z,account_type_b,192388.3514529598,296598.7093208366,74838.3480274782,279665.0854387581,116711.96937254457,127708.12473370373,4352746.555819145,216198120.92406854,NA,11752346.429086426,0.5741390998797903,0.6458390421292326,8.574638504615452,966.6075548717873,0.6175717934673121,0.41089531906852295,7.230799239881661
2020-02-24T00:00:00Z,account_type_a,5825.235239542276,378430.3454004492,4388.729513920541,287903.17212115496,331681.8377941599,47469.70374740573,4543992.812168635,330520451.54470056,1875932.336532015,NA,1.3198179901315596,1.103142657166894,4.372161592473445,729.9184450096475,1.0660900489546838,1.1928612026739835,4.0065489521711415
2020-03-02T00:00:00Z,account_type_b,176632.6771331882,278337.4325755028,68055.63780474276,270035.0654294055,112483.06349043678,123394.01320069766,4042238.112358198,196863460.88541135,NA,11752346.429086426,0.5613477707284229,0.6395036598600284,8.574168463949714,948.022826892217,0.6152102260314471,0.401469890991888,7.232938755666473
2020-03-02T00:00:00Z,account_type_a,5678.98200436146,360606.0976445475,4143.9707319645095,345330.6566619522,381413.7709677475,63462.0283389532,4119230.6983028348,297037310.6250014,1875932.336532015,NA,1.3385140221908547,1.083905292028289,4.247287455609035,702.3716767022805,1.065026583366111,1.1836577311288496,3.8992675178184633
2020-03-09T00:00:00Z,account_type_b,245657.9805966106,350021.4188958263,105999.59721841065,253399.78738619632,110647.13504023895,113769.78049216601,5258570.287312841,250399361.8466745,NA,11752346.429086426,0.4995583757296593,0.6252143670046703,9.044209129687767,986.3418123966624,0.6024104522677539,0.39718418691978125,7.558450800069896
2020-03-09T00:00:00Z,account_type_a,7080.056879684061,342765.5123563306,5022.139848780818,329091.7446597077,342917.603249898,68642.43663080184,3926315.5300920047,282779932.7307409,1875932.336532015,NA,1.2924094592408235,1.0488988367159713,4.441100890115025,733.6590183121326,1.0612672277017687,1.1795305028707406,4.0627876528004645
2020-03-16T00:00:00Z,account_type_b,1464841.285861437,1080867.6527720508,571573.8272587229,318657.8273278352,133557.5972174098,145286.5367734262,16352329.70620555,805670228.5551088,NA,11752346.429086426,0.3342589077239981,0.6420008178347513,8.455874896405637,958.8297813001759,0.6153223460103533,0.3910205155289971,6.999884357678107
2020-03-16T00:00:00Z,account_type_a,18274.652912939047,116710.22538106143,12053.840993794298,312659.30182056024,73679.20641357872,165331.2308291316,1531521.4085667112,87907763.19419834,1875932.336532015,NA,0.9152944494149085,0.7355979982206575,6.701526451649316,879.4616576112714,0.8649528066153476,0.8490719436561778,5.8557018804722745
2020-03-23T00:00:00Z,account_type_b,1015186.4922407594,1259335.7924961718,606396.583184911,983971.253201035,356313.0271923263,470900.0402496384,18172172.11420257,930531437.9641969,NA,11752346.429086426,0.38437156714039444,0.6621168126311293,7.867383982901598,921.359856470887,0.65391803416614,0.42579710540753973,6.50749008205941
2020-03-23T00:00:00Z,account_type_a,15721.444839197362,95186.5476515328,10810.297095844779,107069.07464311499,46440.677802581675,48194.70611510017,1391826.1831699961,71101450.94181767,1875932.336532015,NA,0.7232018250951726,0.7269504326415249,7.122839568372523,805.7648238166812,0.7254487533763729,0.6539639526920683,6.040005883078155
2020-03-30T00:00:00Z,account_type_b,1003938.2181584222,1323224.7337105973,601859.023403,1146473.8865028175,417837.7748033642,547604.9433064864,17950201.49327666,898419013.7808499,NA,11752346.429086426,0.4785921646377729,0.6585560503338393,7.347048965929574,849.3558614092868,0.6694637496491797,0.41773004442169265,6.144994979089963
2020-03-30T00:00:00Z,account_type_a,12355.28660181763,90184.19947576731,8642.735894257214,87538.27754008888,45492.81958762648,36415.7339415597,1215429.145804484,57524658.78359159,1875932.336532015,NA,0.5422858740325792,0.7296325652810419,6.651858821302995,699.8413030046564,0.6707120758794016,0.5957413238655114,5.594833777281362
2020-04-06T00:00:00Z,account_type_b,799282.4876333013,1119627.4270941333,461720.8662771255,1204823.4338290512,404820.03590351035,589089.323992798,15009208.320098873,748882712.56512,NA,11752346.429086426,0.554866184467999,0.6527755920590181,7.281869993613897,841.8010783204231,0.6763334909810299,0.41785051183047367,6.1593602993594105
2020-04-06T00:00:00Z,account_type_a,8143.504605706269,70076.78157881404,5729.612639276206,82902.84182157733,40652.90971772449,35452.731595332974,861616.2689553313,42065205.11163135,1875932.336532015,NA,0.495859528491235,0.7108113931382237,6.249504011431224,674.0105849306375,0.7033266058559765,0.6259423190051284,5.344510430458448
2020-04-13T00:00:00Z,account_type_b,840817.6284819125,1206395.0401244808,483687.7906184992,1019311.1005435693,393692.1804599363,478051.0420377044,15660078.602653544,791922616.4354132,NA,11752346.429086426,0.6411055531752831,0.6571224966816838,7.031494998997429,823.207866137274,0.6980544258374881,0.4529285157066254,5.9370034802951
2020-04-13T00:00:00Z,account_type_a,8481.131755006661,85895.59724302286,6209.960565823922,64627.20384827263,40881.85393272136,23987.61827426087,990749.437428094,47256523.79002517,1875932.336532015,NA,0.5185807678395596,0.7272741383049148,5.880835449270678,612.6600282160091,0.7062416195642495,0.6197243593357143,5.054758864172585
2020-04-20T00:00:00Z,account_type_b,833956.9514549997,1222826.5132505104,448788.85616651486,1098381.473532439,464736.34103593964,499050.05230903317,15151578.791616967,790630161.318611,NA,11752346.429086426,0.685467774322929,0.6664174735875964,6.620836137364284,801.0067864019611,0.7070518801745393,0.4483144315605436,5.622341837371792
2020-04-20T00:00:00Z,account_type_a,7318.885300963372,93897.92479017006,5348.014653575304,79021.05984292815,55872.59616308967,26993.019463026172,1020373.068247517,50122879.5712237,1875932.336532015,NA,0.5872367547201824,0.7545116576958727,5.449494798345059,574.5552288321066,0.73314860642189,0.6583708305167508,4.724814965643482
2020-04-27T00:00:00Z,account_type_b,756769.4727601033,1131662.06183583,383726.7522828712,1113287.0697208282,487371.19520906964,499338.431845065,13767488.023829892,702271567.8313389,NA,11752346.429086426,0.7288897946303285,0.6619780816325336,6.5428093868517685,772.2981624422025,0.7017193526636274,0.4324827368334376,5.564116443513715
2020-04-27T00:00:00Z,account_type_a,6480.263026894652,97905.72568624672,4735.059663604724,86375.23164523953,64470.3992944371,28155.80281313036,1019931.3498466503,49059406.081894085,1875932.336532015,NA,0.6448978765084997,0.7532630787085114,5.3122429239495474,560.3856483792127,0.7489443365081287,0.6784703471290476,4.639387156807091
2020-05-18T00:00:00Z,account_type_b,508576.17677277845,771687.0013769577,207243.67942832687,836871.0692939213,357675.0265350466,378808.5254419845,9219915.155267134,474337624.16223645,NA,11752346.429086426,0.8051164459190941,0.6583248320028465,6.52134419644973,772.7630327666094,0.7041535270153355,0.4347578747170474,5.547611607459458
2020-05-18T00:00:00Z,account_type_a,4340.142548264737,89858.46992523267,3216.4266447247937,87783.91283308106,66457.98505902776,28243.243194537597,876812.8068432171,45778147.37526957,1875932.336532015,NA,0.8499182984763212,0.7720842508513294,5.01047681654572,566.4942749561303,0.8129208209397795,0.7886906606892945,4.404040420477855
2020-05-04T00:00:00Z,account_type_b,645409.303311017,990902.9888867693,303578.4788647158,1029644.5307101269,452734.99779119925,461036.07033645373,12162507.776525479,621551834.4526819,NA,11858314.024052927,0.7907783940290883,0.664937676269242,6.555030444160957,774.9614019694608,0.7115665204968313,0.44719713019515467,5.571451926204497
2020-05-04T00:00:00Z,account_type_a,5195.101619880251,95177.35778960549,3803.988792763336,90574.29254400362,69348.2234929373,28832.162849445944,972453.7462438039,47079624.17970666,1892670.7091495297,NA,0.763995639775186,0.7669049602370897,5.159479707584682,546.9892510072023,0.7722913544088609,0.7231790575131618,4.5110162097184165
2020-05-11T00:00:00Z,account_type_b,588894.0970547366,898688.8510208362,260653.9956487668,902746.9192149043,406925.73938411847,400249.94929871144,10918017.83463816,554026598.3525137,NA,11858314.024052927,0.8152900339480886,0.6642902649424621,6.620836137364284,777.4283842592112,0.7062410403202924,0.43467035759783046,5.6393051410942245
2020-05-11T00:00:00Z,account_type_a,4878.478924568591,95560.26870324339,3581.0960691376704,86876.73703509857,68565.14678304354,26841.88079052757,944329.8206402271,47467482.06133531,1892670.7091495297,NA,0.8360023542290257,0.7752750638190309,5.076595870192872,557.853193650522,0.7840690239990689,0.7461307305077541,4.469601297026714
